{
  "properties": {
    "connectionReferences": {
      "shared_webcontents": {
        "runtimeSource": "invoker",
        "connection": {
          "connectionReferenceLogicalName": "we_sharedwebcontents_a5415"
        },
        "api": {
          "name": "shared_webcontents"
        }
      }
    },
    "definition": {
      "$schema": "https://schema.management.azure.com/providers/Microsoft.Logic/schemas/2016-06-01/workflowdefinition.json#",
      "contentVersion": "undefined",
      "parameters": {
        "$connections": {
          "defaultValue": {},
          "type": "Object"
        },
        "$authentication": {
          "defaultValue": {},
          "type": "SecureObject"
        }
      },
      "triggers": {
        "manual": {
          "metadata": {
            "operationMetadataId": "17837dbd-aa21-4570-b570-d8cc1913a126"
          },
          "type": "Request",
          "kind": "PowerAppV2",
          "inputs": {
            "schema": {
              "type": "object",
              "properties": {
                "text": {
                  "title": "EntityName",
                  "type": "string",
                  "x-ms-dynamically-added": true,
                  "description": "Escribir entrada",
                  "x-ms-content-hint": "TEXT"
                }
              },
              "required": [
                "text"
              ]
            }
          }
        }
      },
      "actions": {
        "Respuesta": {
          "runAfter": {
            "Redactar": [
              "Succeeded"
            ]
          },
          "metadata": {
            "operationMetadataId": "6a5f4ed3-f974-433e-a467-a8e6fce4e2c1"
          },
          "type": "Response",
          "kind": "Http",
          "inputs": {
            "statusCode": 200,
            "body": "@{json(string(outputs('Redactar')))}\n",
            "schema": {
              "type": "object",
              "properties": {
                "JSON Entity": {
                  "type": "array",
                  "items": {
                    "type": "object",
                    "properties": {
                      "LogicalName": {
                        "type": "string"
                      },
                      "AttributeType": {
                        "type": "string"
                      },
                      "ColumnNumber": {
                        "type": "integer"
                      },
                      "IsPrimaryId": {
                        "type": "boolean"
                      },
                      "IsValidForCreate": {
                        "type": "boolean"
                      },
                      "IsValidForRead": {
                        "type": "boolean"
                      },
                      "IsValidForUpdate": {
                        "type": "boolean"
                      },
                      "IsManaged": {
                        "type": "boolean"
                      },
                      "IsValidForGrid": {
                        "type": "boolean"
                      },
                      "SchemaName": {
                        "type": "string"
                      },
                      "Description": {
                        "type": "string"
                      },
                      "DisplayName": {
                        "type": "string"
                      },
                      "IsCustomAttribute": {
                        "type": "boolean"
                      },
                      "IsPrimaryName": {
                        "type": "boolean"
                      },
                      "Targets": {
                        "type": "string"
                      },
                      "AutoNumberFormat": {
                        "type": "boolean"
                      }
                    },
                    "required": [
                      "LogicalName",
                      "AttributeType",
                      "ColumnNumber",
                      "IsPrimaryId",
                      "IsValidForCreate",
                      "IsValidForRead",
                      "IsValidForUpdate",
                      "IsManaged",
                      "IsValidForGrid",
                      "SchemaName",
                      "Description",
                      "DisplayName",
                      "Targets",
                      "AutoNumberFormat"
                    ]
                  }
                },
                "JSON OptionSet": {
                  "type": "array",
                  "items": {
                    "type": "object",
                    "properties": {
                      "LogicalName": {
                        "type": "string"
                      },
                      "MetadataId": {
                        "type": "string"
                      },
                      "IsGlobalOptionSet": {
                        "type": "boolean"
                      },
                      "IsGlobalGlobalOptionSet": {
                        "type": "boolean"
                      },
                      "IsCustomOptionSet": {
                        "type": "boolean"
                      },
                      "IsManagedOptionSet": {
                        "type": "boolean"
                      },
                      "NameOptionSet": {
                        "type": "string"
                      },
                      "DisplayNameOptionSet": {
                        "type": "string"
                      },
                      "DisplayNameGlobalOptionSet": {
                        "type": "string"
                      },
                      "NameGlobalOptionSet": {
                        "type": "string"
                      },
                      "IsCustomGlobalOptionSet": {
                        "type": "boolean"
                      },
                      "IsManagedGlobalOptionSet": {
                        "type": "boolean"
                      }
                    },
                    "required": [
                      "LogicalName",
                      "MetadataId",
                      "IsGlobalOptionSet",
                      "IsGlobalGlobalOptionSet",
                      "IsCustomOptionSet",
                      "IsManagedOptionSet",
                      "NameOptionSet",
                      "DisplayNameOptionSet",
                      "DisplayNameGlobalOptionSet",
                      "NameGlobalOptionSet",
                      "IsCustomGlobalOptionSet",
                      "IsManagedGlobalOptionSet"
                    ]
                  }
                }
              }
            }
          }
        },
        "Redactar": {
          "runAfter": {
            "OptionSet": [
              "Succeeded"
            ]
          },
          "metadata": {
            "operationMetadataId": "b1a19533-a0f0-4326-a255-4684950dbc1b"
          },
          "type": "Compose",
          "inputs": {
            "JSON Entity": "@body('Select_Schema_to_JSON')",
            "JSON OptionSet": "@body('Select_Schema_to_Option')"
          }
        },
        "Schema": {
          "actions": {
            "Invoke_HTTP_Schemas": {
              "runAfter": {},
              "metadata": {
                "operationMetadataId": "38c947a6-051d-4bd3-b569-e6957ac7c2e8"
              },
              "type": "OpenApiConnection",
              "inputs": {
                "host": {
                  "apiId": "/providers/Microsoft.PowerApps/apis/shared_webcontents",
                  "connectionName": "shared_webcontents",
                  "operationId": "InvokeHttp"
                },
                "parameters": {
                  "request/method": "GET",
                  "request/url": "https://org6669b662.crm.dynamics.com/api/data/v9.2/EntityDefinitions?$select=SchemaName&$filter=LogicalName%20eq%20%27@{triggerBody()['text']}%27%20&$expand=Attributes($filter=AttributeType%20ne%20%27Virtual%27%20and%20IsValidForCreate%20eq%20true)"
                },
                "authentication": {
                  "value": "@json(decodeBase64(triggerOutputs().headers['X-MS-APIM-Tokens']))['$ConnectionKey']",
                  "type": "Raw"
                }
              }
            },
            "HTTP_to_JSON-Schema": {
              "runAfter": {
                "Invoke_HTTP_Schemas": [
                  "Succeeded"
                ]
              },
              "metadata": {
                "operationMetadataId": "e380892f-0bf2-4730-87c7-6e21dd91050f"
              },
              "type": "ParseJson",
              "inputs": {
                "content": "@body('Invoke_HTTP_Schemas')?['value']",
                "schema": {
                  "type": "array",
                  "items": {
                    "type": "object",
                    "properties": {
                      "@@odata.type": {
                        "type": "string"
                      },
                      "AttributeType": {
                        "type": "string"
                      },
                      "ColumnNumber": {
                        "type": "integer"
                      },
                      "EntityLogicalName": {
                        "type": "string"
                      },
                      "IsCustomAttribute": {
                        "type": "boolean"
                      },
                      "IsPrimaryId": {
                        "type": "boolean"
                      },
                      "IsPrimaryName": {
                        "type": "boolean"
                      },
                      "IsValidForCreate": {
                        "type": "boolean"
                      },
                      "IsValidForRead": {
                        "type": "boolean"
                      },
                      "IsValidForUpdate": {
                        "type": "boolean"
                      },
                      "IsManaged": {
                        "type": "boolean"
                      },
                      "LinkedAttributeId": {},
                      "LogicalName": {
                        "type": "string"
                      },
                      "IsRequiredForForm": {
                        "type": "boolean"
                      },
                      "SchemaName": {
                        "type": "string"
                      },
                      "ExternalName": {},
                      "AutoNumberFormat": {},
                      "MetadataId": {
                        "type": "string"
                      },
                      "HasChanged": {},
                      "AttributeTypeName": {
                        "type": "object",
                        "properties": {
                          "Value": {
                            "type": "string"
                          }
                        }
                      },
                      "Description": {
                        "type": "object",
                        "properties": {
                          "LocalizedLabels": {
                            "type": "array",
                            "items": {
                              "type": "object",
                              "properties": {
                                "Label": {
                                  "type": "string"
                                },
                                "LanguageCode": {
                                  "type": "integer"
                                },
                                "IsManaged": {
                                  "type": "boolean"
                                },
                                "MetadataId": {
                                  "type": "string"
                                },
                                "HasChanged": {}
                              },
                              "required": []
                            }
                          }
                        }
                      },
                      "DisplayName": {
                        "type": "object",
                        "properties": {
                          "LocalizedLabels": {
                            "type": "array",
                            "items": {
                              "type": "object",
                              "properties": {
                                "Label": {
                                  "type": "string"
                                },
                                "LanguageCode": {
                                  "type": "integer"
                                },
                                "IsManaged": {
                                  "type": "boolean"
                                },
                                "MetadataId": {
                                  "type": "string"
                                },
                                "HasChanged": {}
                              },
                              "required": [
                                "Label",
                                "LanguageCode",
                                "IsManaged",
                                "MetadataId",
                                "HasChanged"
                              ]
                            }
                          }
                        }
                      },
                      "IsCustomizable": {
                        "type": "object",
                        "properties": {
                          "Value": {
                            "type": "boolean"
                          },
                          "CanBeChanged": {
                            "type": "boolean"
                          },
                          "ManagedPropertyLogicalName": {
                            "type": "string"
                          }
                        }
                      },
                      "IsRenameable": {
                        "type": "object",
                        "properties": {
                          "Value": {
                            "type": "boolean"
                          },
                          "CanBeChanged": {
                            "type": "boolean"
                          },
                          "ManagedPropertyLogicalName": {
                            "type": "string"
                          }
                        }
                      },
                      "RequiredLevel": {
                        "type": "object",
                        "properties": {
                          "Value": {
                            "type": "string"
                          },
                          "CanBeChanged": {
                            "type": "boolean"
                          },
                          "ManagedPropertyLogicalName": {
                            "type": "string"
                          }
                        }
                      },
                      "MaxLength": {
                        "type": "integer"
                      },
                      "YomiOf": {},
                      "IsLocalizable": {
                        "type": "boolean"
                      },
                      "DatabaseLength": {
                        "type": "integer"
                      },
                      "FormatName": {
                        "type": "object",
                        "properties": {
                          "Value": {
                            "type": "string"
                          }
                        }
                      },
                      "MaxValue": {},
                      "MinValue": {},
                      "Precision": {},
                      "PrecisionSource": {},
                      "CalculationOf": {},
                      "IsBaseCurrency": {
                        "type": "boolean"
                      },
                      "Targets": {
                        "type": "array",
                        "items": {
                          "type": "string"
                        }
                      },
                      "MinSupportedValue": {
                        "type": "string"
                      },
                      "MaxSupportedValue": {
                        "type": "string"
                      },
                      "DefaultValue": {
                        "type": "boolean"
                      },
                      "IsPrimaryImage": {
                        "type": "boolean"
                      },
                      "MaxHeight": {
                        "type": "integer"
                      },
                      "MaxWidth": {
                        "type": "integer"
                      }
                    },
                    "required": []
                  }
                }
              }
            },
            "Select_Schema_to_JSON": {
              "runAfter": {
                "HTTP_to_JSON-Schema": [
                  "Succeeded"
                ]
              },
              "metadata": {
                "operationMetadataId": "08430900-ea8f-4e72-82b3-9eb25699f2d7"
              },
              "type": "Select",
              "inputs": {
                "from": "@body('HTTP_to_JSON-Schema')?[0]['Attributes']",
                "select": {
                  "LogicalName": "@item()['LogicalName']",
                  "AttributeType": "@item()['AttributeType']",
                  "ColumnNumber": "@item()['ColumnNumber']",
                  "IsPrimaryId": "@item()['IsPrimaryId']",
                  "IsValidForCreate": "@item()['IsValidForCreate']",
                  "IsValidForRead": "@item()['IsValidForRead']",
                  "IsValidForUpdate": "@item()['IsValidForUpdate']",
                  "IsManaged": "@item()['IsManaged']",
                  "IsValidForGrid": "@item()['IsValidForGrid']",
                  "SchemaName": "@item()['SchemaName']",
                  "Description": "@if(greater(length(item()['Description']['LocalizedLabels']),0),item()['Description']['LocalizedLabels'][0]['Label'],'')",
                  "DisplayName": "@if(greater(length(item()['DisplayName']['LocalizedLabels']),0),item()['DisplayName']['LocalizedLabels'][0]['Label'],'')",
                  "Targets": "@if(equals(item()['AttributeType'],'Lookup'),item()['Targets'][0],'')",
                  "IsPrimaryName": "@item()['IsPrimaryName']",
                  "IsCustomAttribute": "@item()['IsCustomAttribute']",
                  "AutoNumberFormat": "@not(empty(item()['AutoNumberFormat']))"
                }
              }
            }
          },
          "runAfter": {},
          "metadata": {
            "operationMetadataId": "5866f151-1212-4504-af59-bab8476d6fce"
          },
          "type": "Scope"
        },
        "OptionSet": {
          "actions": {
            "Invoke_HTTP_OptionSet": {
              "runAfter": {},
              "metadata": {
                "operationMetadataId": "38c947a6-051d-4bd3-b569-e6957ac7c2e8"
              },
              "type": "OpenApiConnection",
              "inputs": {
                "host": {
                  "apiId": "/providers/Microsoft.PowerApps/apis/shared_webcontents",
                  "connectionName": "shared_webcontents",
                  "operationId": "InvokeHttp"
                },
                "parameters": {
                  "request/method": "GET",
                  "request/url": "https://org6669b662.crm.dynamics.com/api/data/v9.2/EntityDefinitions(LogicalName='@{triggerBody()['text']}')/Attributes/Microsoft.Dynamics.CRM.PicklistAttributeMetadata?$select=LogicalName&$expand=OptionSet($select=IsGlobal,MetadataId,IsCustomOptionSet,IsManaged,Name,DisplayName)%20,GlobalOptionSet($select=IsGlobal,MetadataId,IsCustomOptionSet,IsManaged,Name,DisplayName)"
                },
                "authentication": {
                  "value": "@json(decodeBase64(triggerOutputs().headers['X-MS-APIM-Tokens']))['$ConnectionKey']",
                  "type": "Raw"
                }
              }
            },
            "HTTP_to_JSON-OptionSet": {
              "runAfter": {
                "Invoke_HTTP_OptionSet": [
                  "Succeeded"
                ]
              },
              "metadata": {
                "operationMetadataId": "e380892f-0bf2-4730-87c7-6e21dd91050f"
              },
              "type": "ParseJson",
              "inputs": {
                "content": "@body('Invoke_HTTP_OptionSet')?['value']",
                "schema": {
                  "type": "array",
                  "items": {
                    "type": "object",
                    "properties": {
                      "LogicalName": {
                        "type": "string"
                      },
                      "MetadataId": {
                        "type": "string"
                      },
                      "OptionSet": {
                        "type": "object",
                        "properties": {
                          "IsCustomOptionSet": {
                            "type": "boolean"
                          },
                          "IsGlobal": {
                            "type": "boolean"
                          },
                          "IsManaged": {
                            "type": "boolean"
                          },
                          "Name": {
                            "type": "string"
                          },
                          "MetadataId": {
                            "type": "string"
                          },
                          "DisplayName": {
                            "type": "object",
                            "properties": {
                              "LocalizedLabels": {
                                "type": "array",
                                "items": {
                                  "type": "object",
                                  "properties": {
                                    "Label": {
                                      "type": "string"
                                    },
                                    "LanguageCode": {
                                      "type": "integer"
                                    },
                                    "IsManaged": {
                                      "type": "boolean"
                                    },
                                    "MetadataId": {
                                      "type": "string"
                                    },
                                    "HasChanged": {}
                                  },
                                  "required": [
                                    "Label",
                                    "LanguageCode",
                                    "IsManaged",
                                    "MetadataId",
                                    "HasChanged"
                                  ]
                                }
                              },
                              "UserLocalizedLabel": {
                                "type": "object",
                                "properties": {
                                  "Label": {
                                    "type": "string"
                                  },
                                  "LanguageCode": {
                                    "type": "integer"
                                  },
                                  "IsManaged": {
                                    "type": "boolean"
                                  },
                                  "MetadataId": {
                                    "type": "string"
                                  },
                                  "HasChanged": {}
                                }
                              }
                            }
                          }
                        }
                      },
                      "GlobalOptionSet": {
                        "type": "object",
                        "properties": {
                          "IsCustomOptionSet": {
                            "type": "boolean"
                          },
                          "IsGlobal": {
                            "type": "boolean"
                          },
                          "IsManaged": {
                            "type": "boolean"
                          },
                          "Name": {
                            "type": "string"
                          },
                          "MetadataId": {
                            "type": "string"
                          },
                          "DisplayName": {
                            "type": "object",
                            "properties": {
                              "LocalizedLabels": {
                                "type": "array",
                                "items": {
                                  "type": "object",
                                  "properties": {
                                    "Label": {
                                      "type": "string"
                                    },
                                    "LanguageCode": {
                                      "type": "integer"
                                    },
                                    "IsManaged": {
                                      "type": "boolean"
                                    },
                                    "MetadataId": {
                                      "type": "string"
                                    },
                                    "HasChanged": {}
                                  },
                                  "required": [
                                    "Label",
                                    "LanguageCode",
                                    "IsManaged",
                                    "MetadataId",
                                    "HasChanged"
                                  ]
                                }
                              },
                              "UserLocalizedLabel": {
                                "type": "object",
                                "properties": {
                                  "Label": {
                                    "type": "string"
                                  },
                                  "LanguageCode": {
                                    "type": "integer"
                                  },
                                  "IsManaged": {
                                    "type": "boolean"
                                  },
                                  "MetadataId": {
                                    "type": "string"
                                  },
                                  "HasChanged": {}
                                }
                              }
                            }
                          }
                        }
                      }
                    },
                    "required": [
                      "LogicalName",
                      "MetadataId",
                      "OptionSet",
                      "GlobalOptionSet"
                    ]
                  }
                }
              }
            },
            "Select_Schema_to_Option": {
              "runAfter": {
                "HTTP_to_JSON-OptionSet": [
                  "Succeeded"
                ]
              },
              "metadata": {
                "operationMetadataId": "08430900-ea8f-4e72-82b3-9eb25699f2d7"
              },
              "type": "Select",
              "inputs": {
                "from": "@body('HTTP_to_JSON-OptionSet')",
                "select": {
                  "LogicalName": "@item()['LogicalName']",
                  "MetadataId": "@item()['MetadataId']",
                  "IsGlobalOptionSet": "@item()?['OptionSet']?['IsGlobal']",
                  "IsGlobalGlobalOptionSet": "@item()?['GlobalOptionSet']?['IsGlobal']",
                  "IsCustomOptionSet": "@item()?['OptionSet']?['IsCustomOptionSet']",
                  "IsManagedOptionSet": "@item()?['OptionSet']?['IsManaged']",
                  "NameOptionSet": "@item()?['OptionSet']?['Name']",
                  "DisplayNameOptionSet": "@if(greater(length(item()['OptionSet']['DisplayName']['LocalizedLabels']),0),item()['OptionSet']['DisplayName']['LocalizedLabels'][0]['Label'],'')",
                  "DisplayNameGlobalOptionSet": "@if(greater(length(item()['GlobalOptionSet']['DisplayName']['LocalizedLabels']),0),item()['GlobalOptionSet']['DisplayName']['LocalizedLabels'][0]['Label'],'')",
                  "NameGlobalOptionSet": "@item()?['GlobalOptionSet']?['Name']",
                  "IsCustomGlobalOptionSet": "@item()?['GlobalOptionSet']?['IsCustomOptionSet']",
                  "IsManagedGlobalOptionSet": "@item()?['GlobalOptionSet']?['IsManaged']"
                }
              }
            }
          },
          "runAfter": {
            "Schema": [
              "Succeeded"
            ]
          },
          "metadata": {
            "operationMetadataId": "729a2ec6-43a4-4e07-941c-ac702825d9f4"
          },
          "type": "Scope"
        }
      }
    },
    "templateName": null
  },
  "schemaVersion": "1.0.0.0"
}