{
  "properties": {
    "connectionReferences": {
      "shared_webcontents": {
        "runtimeSource": "invoker",
        "connection": {
          "connectionReferenceLogicalName": "we_sharedwebcontents_a5415"
        },
        "api": {
          "name": "shared_webcontents"
        }
      }
    },
    "definition": {
      "$schema": "https://schema.management.azure.com/providers/Microsoft.Logic/schemas/2016-06-01/workflowdefinition.json#",
      "contentVersion": "1.0.0.0",
      "parameters": {
        "$connections": {
          "defaultValue": {},
          "type": "Object"
        },
        "$authentication": {
          "defaultValue": {},
          "type": "SecureObject"
        }
      },
      "triggers": {
        "manual": {
          "metadata": {
            "operationMetadataId": "2ff0a0f0-085d-4be7-9cab-d4aaa3db0217"
          },
          "type": "Request",
          "kind": "PowerAppV2",
          "inputs": {
            "schema": {
              "type": "object",
              "properties": {},
              "required": []
            }
          }
        }
      },
      "actions": {
        "HTTP_Solicitudes": {
          "actions": {
            "HTTP_Entidades_Caja_-_No_Actividad": {
              "runAfter": {},
              "metadata": {
                "operationMetadataId": "3b8d9ae5-d0d1-4fd6-8e9b-663bb6866ad4"
              },
              "type": "OpenApiConnection",
              "inputs": {
                "host": {
                  "apiId": "/providers/Microsoft.PowerApps/apis/shared_webcontents",
                  "connectionName": "shared_webcontents",
                  "operationId": "InvokeHttp"
                },
                "parameters": {
                  "request/method": "GET",
                  "request/url": "https://org6669b662.crm.dynamics.com/api/data/v9.0/EntityDefinitions?$filter=TableType%20eq%20%27Standard%27%20and%20IsActivity%20eq%20false%20and%20IsManaged%20eq%20true%20and%20PrimaryNameAttribute%20ne%20null"
                },
                "authentication": {
                  "value": "@json(decodeBase64(triggerOutputs().headers['X-MS-APIM-Tokens']))['$ConnectionKey']",
                  "type": "Raw"
                }
              }
            },
            "HTTP_Entidades_Caja_-_Actividad": {
              "runAfter": {
                "HTTP_Entidades_Caja_-_No_Actividad": [
                  "Succeeded"
                ]
              },
              "metadata": {
                "operationMetadataId": "330df9b3-55fb-4c4d-bb09-5deb3014c204"
              },
              "type": "OpenApiConnection",
              "inputs": {
                "host": {
                  "apiId": "/providers/Microsoft.PowerApps/apis/shared_webcontents",
                  "connectionName": "shared_webcontents",
                  "operationId": "InvokeHttp"
                },
                "parameters": {
                  "request/method": "GET",
                  "request/url": "https://org6669b662.crm.dynamics.com/api/data/v9.0/EntityDefinitions?$filter=TableType%20eq%20%27Standard%27%20and%20IsActivity%20eq%20true%20and%20IsManaged%20eq%20true%20and%20PrimaryNameAttribute%20ne%20null"
                },
                "authentication": {
                  "value": "@json(decodeBase64(triggerOutputs().headers['X-MS-APIM-Tokens']))['$ConnectionKey']",
                  "type": "Raw"
                }
              }
            },
            "HTTP_Entidades_Custom_-_No_Actividad": {
              "runAfter": {
                "HTTP_Entidades_Caja_-_Actividad": [
                  "Succeeded"
                ]
              },
              "metadata": {
                "operationMetadataId": "fe3d211e-13a4-4eb0-82e5-28d6d3251adb"
              },
              "type": "OpenApiConnection",
              "inputs": {
                "host": {
                  "apiId": "/providers/Microsoft.PowerApps/apis/shared_webcontents",
                  "connectionName": "shared_webcontents",
                  "operationId": "InvokeHttp"
                },
                "parameters": {
                  "request/method": "GET",
                  "request/url": "https://org6669b662.crm.dynamics.com/api/data/v9.0/EntityDefinitions?$filter=TableType%20eq%20%27Standard%27%20and%20IsActivity%20eq%20false%20and%20IsManaged%20eq%20false%20and%20PrimaryNameAttribute%20ne%20null"
                },
                "authentication": {
                  "value": "@json(decodeBase64(triggerOutputs().headers['X-MS-APIM-Tokens']))['$ConnectionKey']",
                  "type": "Raw"
                }
              }
            },
            "HTTP_Entidades_Custom_-_Actividad": {
              "runAfter": {
                "HTTP_Entidades_Custom_-_No_Actividad": [
                  "Succeeded"
                ]
              },
              "metadata": {
                "operationMetadataId": "a0da5a78-6581-49d3-8929-6ed408b47c2d"
              },
              "type": "OpenApiConnection",
              "inputs": {
                "host": {
                  "apiId": "/providers/Microsoft.PowerApps/apis/shared_webcontents",
                  "connectionName": "shared_webcontents",
                  "operationId": "InvokeHttp"
                },
                "parameters": {
                  "request/method": "GET",
                  "request/url": "https://org6669b662.crm.dynamics.com/api/data/v9.0/EntityDefinitions?$filter=TableType%20eq%20%27Standard%27%20and%20IsActivity%20eq%20true%20and%20IsManaged%20eq%20false%20and%20PrimaryNameAttribute%20ne%20null"
                },
                "authentication": {
                  "value": "@json(decodeBase64(triggerOutputs().headers['X-MS-APIM-Tokens']))['$ConnectionKey']",
                  "type": "Raw"
                }
              }
            }
          },
          "runAfter": {},
          "metadata": {
            "operationMetadataId": "dc2d81d6-7579-4069-aef3-4af8ea2db81f"
          },
          "type": "Scope"
        },
        "SELECT_Attributes": {
          "actions": {
            "Select_JSON_Caja_-_No_Actividad": {
              "runAfter": {},
              "metadata": {
                "operationMetadataId": "f3cfe81d-e60b-4052-a875-51f98f768de7"
              },
              "type": "Select",
              "inputs": {
                "from": "@body('JSON_Entidades_Caja_-_No_Actividad')",
                "select": {
                  "IsActivity": "@item()['IsActivity']",
                  "IsCustomEntity": "@item()['IsCustomEntity']",
                  "IsImportable": "@item()['IsImportable']",
                  "IsManaged": "@item()['IsManaged']",
                  "LogicalName": "@item()['LogicalName']",
                  "PrimaryNameAttribute": "@item()['PrimaryNameAttribute']",
                  "PrimaryIdAttribute": "@item()['PrimaryIdAttribute']",
                  "SchemaName": "@item()['SchemaName']",
                  "EntitySetName": "@item()['EntitySetName']",
                  "IsPrivate": "@item()['IsPrivate']",
                  "HasNotes": "@item()['HasNotes']",
                  "HasActivities": "@item()['HasActivities']",
                  "TableType": "@item()['TableType']",
                  "DisplayName": "@item()['DisplayName']?['LocalizedLabels'][0]['Label']",
                  "DisplayCollectionName": "@item()['DisplayCollectionName']?['LocalizedLabels'][0]['Label']"
                }
              }
            },
            "Select_JSON_Caja_-_Actividad": {
              "runAfter": {
                "Select_JSON_Caja_-_No_Actividad": [
                  "Succeeded"
                ]
              },
              "metadata": {
                "operationMetadataId": "959cc47e-ebbb-4be0-88a9-f9b22e938579"
              },
              "type": "Select",
              "inputs": {
                "from": "@body('JSON_Entidades_Caja_-_Actividad')",
                "select": {
                  "IsActivity": "@item()['IsActivity']",
                  "IsCustomEntity": "@item()['IsCustomEntity']",
                  "IsImportable": "@item()['IsImportable']",
                  "IsManaged": "@item()['IsManaged']",
                  "LogicalName": "@item()['LogicalName']",
                  "PrimaryNameAttribute": "@item()['PrimaryNameAttribute']",
                  "PrimaryIdAttribute": "@item()['PrimaryIdAttribute']",
                  "SchemaName": "@item()['SchemaName']",
                  "EntitySetName": "@item()['EntitySetName']",
                  "IsPrivate": "@item()['IsPrivate']",
                  "HasNotes": "@item()['HasNotes']",
                  "HasActivities": "@item()['HasActivities']",
                  "TableType": "@item()['TableType']",
                  "DisplayName": "@item()['DisplayName']?['LocalizedLabels'][0]['Label']",
                  "DisplayCollectionName": "@item()['DisplayCollectionName']?['LocalizedLabels'][0]['Label']"
                }
              }
            },
            "Select_JSON_Custom_-_No_Actividad": {
              "runAfter": {
                "Select_JSON_Caja_-_Actividad": [
                  "Succeeded"
                ]
              },
              "metadata": {
                "operationMetadataId": "81cb75c9-7371-4d82-b066-6ce6d89ae593"
              },
              "type": "Select",
              "inputs": {
                "from": "@body('JSON_Entidades_Custom_-_No_Actividad')",
                "select": {
                  "IsActivity": "@item()['IsActivity']",
                  "IsCustomEntity": "@item()['IsCustomEntity']",
                  "IsImportable": "@item()['IsImportable']",
                  "IsManaged": "@item()['IsManaged']",
                  "LogicalName": "@item()['LogicalName']",
                  "PrimaryNameAttribute": "@item()['PrimaryNameAttribute']",
                  "PrimaryIdAttribute": "@item()['PrimaryIdAttribute']",
                  "SchemaName": "@item()['SchemaName']",
                  "EntitySetName": "@item()['EntitySetName']",
                  "IsPrivate": "@item()['IsPrivate']",
                  "HasNotes": "@item()['HasNotes']",
                  "HasActivities": "@item()['HasActivities']",
                  "TableType": "@item()['TableType']",
                  "DisplayName": "@item()['DisplayName']?['LocalizedLabels'][0]['Label']",
                  "DisplayCollectionName": "@item()['DisplayCollectionName']?['LocalizedLabels'][0]['Label']"
                }
              }
            },
            "Select_JSON_Custom-_Actividad": {
              "runAfter": {
                "Select_JSON_Custom_-_No_Actividad": [
                  "Succeeded"
                ]
              },
              "metadata": {
                "operationMetadataId": "21c84a93-7d43-4e6b-83ec-1788af8f870a"
              },
              "type": "Select",
              "inputs": {
                "from": "@body('JSON_Entidades_Custom_-_Actividad')",
                "select": {
                  "IsActivity": "@item()['IsActivity']",
                  "IsCustomEntity": "@item()['IsCustomEntity']",
                  "IsImportable": "@item()['IsImportable']",
                  "IsManaged": "@item()['IsManaged']",
                  "LogicalName": "@item()['LogicalName']",
                  "PrimaryNameAttribute": "@item()['PrimaryNameAttribute']",
                  "PrimaryIdAttribute": "@item()['PrimaryIdAttribute']",
                  "SchemaName": "@item()['SchemaName']",
                  "EntitySetName": "@item()['EntitySetName']",
                  "IsPrivate": "@item()['IsPrivate']",
                  "HasNotes": "@item()['HasNotes']",
                  "HasActivities": "@item()['HasActivities']",
                  "TableType": "@item()['TableType']",
                  "DisplayName": "@item()['DisplayName']?['LocalizedLabels'][0]['Label']",
                  "DisplayCollectionName": "@item()['DisplayCollectionName']?['LocalizedLabels'][0]['Label']"
                }
              }
            }
          },
          "runAfter": {
            "JSON_Analisis": [
              "Succeeded"
            ]
          },
          "metadata": {
            "operationMetadataId": "927d5ce3-bf3a-4a33-99f0-24e8669c7582"
          },
          "type": "Scope"
        },
        "JSON_Analisis": {
          "actions": {
            "JSON_Entidades_Caja_-_No_Actividad": {
              "runAfter": {},
              "metadata": {
                "operationMetadataId": "1ba2d573-42b4-4ffd-896d-72804308b2fe"
              },
              "type": "ParseJson",
              "inputs": {
                "content": "@body('HTTP_Entidades_Caja_-_No_Actividad')?['value']",
                "schema": {
                  "type": "array",
                  "items": {
                    "type": "object",
                    "properties": {
                      "IsActivity": {
                        "type": "boolean"
                      },
                      "IsCustomEntity": {
                        "type": "boolean"
                      },
                      "IsImportable": {
                        "type": "boolean"
                      },
                      "IsManaged": {
                        "type": "boolean"
                      },
                      "LogicalName": {
                        "type": "string"
                      },
                      "PrimaryNameAttribute": {
                        "type": "string"
                      },
                      "PrimaryIdAttribute": {
                        "type": "string"
                      },
                      "SchemaName": {
                        "type": "string"
                      },
                      "LogicalCollectionName": {},
                      "CollectionSchemaName": {},
                      "EntitySetName": {
                        "type": "string"
                      },
                      "IsPrivate": {
                        "type": "boolean"
                      },
                      "HasNotes": {
                        "type": "boolean"
                      },
                      "HasActivities": {
                        "type": "boolean"
                      },
                      "TableType": {
                        "type": "string"
                      },
                      "DisplayName": {
                        "type": "object",
                        "properties": {
                          "LocalizedLabels": {
                            "type": "array",
                            "items": {
                              "type": "object",
                              "properties": {
                                "Label": {
                                  "type": "string"
                                },
                                "LanguageCode": {
                                  "type": "integer"
                                },
                                "IsManaged": {
                                  "type": "boolean"
                                },
                                "MetadataId": {
                                  "type": "string"
                                },
                                "HasChanged": {}
                              },
                              "required": [
                                "Label",
                                "LanguageCode",
                                "IsManaged",
                                "MetadataId",
                                "HasChanged"
                              ]
                            }
                          },
                          "UserLocalizedLabel": {
                            "type": "object",
                            "properties": {
                              "Label": {
                                "type": "string"
                              },
                              "LanguageCode": {
                                "type": "integer"
                              },
                              "IsManaged": {
                                "type": "boolean"
                              },
                              "MetadataId": {
                                "type": "string"
                              },
                              "HasChanged": {}
                            }
                          }
                        }
                      }
                    },
                    "required": [
                      "IsActivity",
                      "IsCustomEntity",
                      "IsImportable",
                      "IsManaged",
                      "LogicalName",
                      "ObjectTypeCode",
                      "OwnershipType",
                      "PrimaryNameAttribute",
                      "PrimaryIdAttribute",
                      "SchemaName",
                      "LogicalCollectionName",
                      "CollectionSchemaName",
                      "EntitySetName",
                      "IsPrivate",
                      "HasNotes",
                      "HasActivities",
                      "TableType",
                      "DisplayName"
                    ]
                  }
                }
              }
            },
            "JSON_Entidades_Caja_-_Actividad": {
              "runAfter": {
                "JSON_Entidades_Caja_-_No_Actividad": [
                  "Succeeded"
                ]
              },
              "metadata": {
                "operationMetadataId": "c207b7ec-296c-4c75-8efa-24b1b972e8e4"
              },
              "type": "ParseJson",
              "inputs": {
                "content": "@body('HTTP_Entidades_Caja_-_Actividad')?['value']",
                "schema": {
                  "type": "array",
                  "items": {
                    "type": "object",
                    "properties": {
                      "IsActivity": {
                        "type": "boolean"
                      },
                      "IsCustomEntity": {
                        "type": "boolean"
                      },
                      "IsImportable": {
                        "type": "boolean"
                      },
                      "IsManaged": {
                        "type": "boolean"
                      },
                      "LogicalName": {
                        "type": "string"
                      },
                      "PrimaryNameAttribute": {
                        "type": "string"
                      },
                      "PrimaryIdAttribute": {
                        "type": "string"
                      },
                      "SchemaName": {
                        "type": "string"
                      },
                      "LogicalCollectionName": {},
                      "CollectionSchemaName": {},
                      "EntitySetName": {
                        "type": "string"
                      },
                      "IsPrivate": {
                        "type": "boolean"
                      },
                      "HasNotes": {
                        "type": "boolean"
                      },
                      "HasActivities": {
                        "type": "boolean"
                      },
                      "TableType": {
                        "type": "string"
                      },
                      "DisplayName": {
                        "type": "object",
                        "properties": {
                          "LocalizedLabels": {
                            "type": "array",
                            "items": {
                              "type": "object",
                              "properties": {
                                "Label": {
                                  "type": "string"
                                },
                                "LanguageCode": {
                                  "type": "integer"
                                },
                                "IsManaged": {
                                  "type": "boolean"
                                },
                                "MetadataId": {
                                  "type": "string"
                                },
                                "HasChanged": {}
                              },
                              "required": [
                                "Label",
                                "LanguageCode",
                                "IsManaged",
                                "MetadataId",
                                "HasChanged"
                              ]
                            }
                          },
                          "UserLocalizedLabel": {
                            "type": "object",
                            "properties": {
                              "Label": {
                                "type": "string"
                              },
                              "LanguageCode": {
                                "type": "integer"
                              },
                              "IsManaged": {
                                "type": "boolean"
                              },
                              "MetadataId": {
                                "type": "string"
                              },
                              "HasChanged": {}
                            }
                          }
                        }
                      }
                    },
                    "required": [
                      "IsActivity",
                      "IsCustomEntity",
                      "IsImportable",
                      "IsManaged",
                      "LogicalName",
                      "ObjectTypeCode",
                      "OwnershipType",
                      "PrimaryNameAttribute",
                      "PrimaryIdAttribute",
                      "SchemaName",
                      "LogicalCollectionName",
                      "CollectionSchemaName",
                      "EntitySetName",
                      "IsPrivate",
                      "HasNotes",
                      "HasActivities",
                      "TableType",
                      "DisplayName"
                    ]
                  }
                }
              }
            },
            "JSON_Entidades_Custom_-_No_Actividad": {
              "runAfter": {
                "JSON_Entidades_Caja_-_Actividad": [
                  "Succeeded"
                ]
              },
              "metadata": {
                "operationMetadataId": "729b711f-8a11-465d-9532-d6faa8585c30"
              },
              "type": "ParseJson",
              "inputs": {
                "content": "@body('HTTP_Entidades_Custom_-_No_Actividad')?['value']",
                "schema": {
                  "type": "array",
                  "items": {
                    "type": "object",
                    "properties": {
                      "IsActivity": {
                        "type": "boolean"
                      },
                      "IsCustomEntity": {
                        "type": "boolean"
                      },
                      "IsImportable": {
                        "type": "boolean"
                      },
                      "IsManaged": {
                        "type": "boolean"
                      },
                      "LogicalName": {
                        "type": "string"
                      },
                      "PrimaryNameAttribute": {
                        "type": "string"
                      },
                      "PrimaryIdAttribute": {
                        "type": "string"
                      },
                      "SchemaName": {
                        "type": "string"
                      },
                      "LogicalCollectionName": {},
                      "CollectionSchemaName": {},
                      "EntitySetName": {
                        "type": "string"
                      },
                      "IsPrivate": {
                        "type": "boolean"
                      },
                      "HasNotes": {
                        "type": "boolean"
                      },
                      "HasActivities": {
                        "type": "boolean"
                      },
                      "TableType": {
                        "type": "string"
                      },
                      "DisplayName": {
                        "type": "object",
                        "properties": {
                          "LocalizedLabels": {
                            "type": "array",
                            "items": {
                              "type": "object",
                              "properties": {
                                "Label": {
                                  "type": "string"
                                },
                                "LanguageCode": {
                                  "type": "integer"
                                },
                                "IsManaged": {
                                  "type": "boolean"
                                },
                                "MetadataId": {
                                  "type": "string"
                                },
                                "HasChanged": {}
                              },
                              "required": [
                                "Label",
                                "LanguageCode",
                                "IsManaged",
                                "MetadataId",
                                "HasChanged"
                              ]
                            }
                          },
                          "UserLocalizedLabel": {
                            "type": "object",
                            "properties": {
                              "Label": {
                                "type": "string"
                              },
                              "LanguageCode": {
                                "type": "integer"
                              },
                              "IsManaged": {
                                "type": "boolean"
                              },
                              "MetadataId": {
                                "type": "string"
                              },
                              "HasChanged": {}
                            }
                          }
                        }
                      }
                    },
                    "required": [
                      "IsActivity",
                      "IsCustomEntity",
                      "IsImportable",
                      "IsManaged",
                      "LogicalName",
                      "ObjectTypeCode",
                      "OwnershipType",
                      "PrimaryNameAttribute",
                      "PrimaryIdAttribute",
                      "SchemaName",
                      "LogicalCollectionName",
                      "CollectionSchemaName",
                      "EntitySetName",
                      "IsPrivate",
                      "HasNotes",
                      "HasActivities",
                      "TableType",
                      "DisplayName"
                    ]
                  }
                }
              }
            },
            "JSON_Entidades_Custom_-_Actividad": {
              "runAfter": {
                "JSON_Entidades_Custom_-_No_Actividad": [
                  "Succeeded"
                ]
              },
              "metadata": {
                "operationMetadataId": "a2240547-7d24-4cd9-8304-cba56e084232"
              },
              "type": "ParseJson",
              "inputs": {
                "content": "@body('HTTP_Entidades_Custom_-_Actividad')?['value']",
                "schema": {
                  "type": "array",
                  "items": {
                    "type": "object",
                    "properties": {
                      "IsActivity": {
                        "type": "boolean"
                      },
                      "IsCustomEntity": {
                        "type": "boolean"
                      },
                      "IsImportable": {
                        "type": "boolean"
                      },
                      "IsManaged": {
                        "type": "boolean"
                      },
                      "LogicalName": {
                        "type": "string"
                      },
                      "PrimaryNameAttribute": {
                        "type": "string"
                      },
                      "PrimaryIdAttribute": {
                        "type": "string"
                      },
                      "SchemaName": {
                        "type": "string"
                      },
                      "LogicalCollectionName": {},
                      "CollectionSchemaName": {},
                      "EntitySetName": {
                        "type": "string"
                      },
                      "IsPrivate": {
                        "type": "boolean"
                      },
                      "HasNotes": {
                        "type": "boolean"
                      },
                      "HasActivities": {
                        "type": "boolean"
                      },
                      "TableType": {
                        "type": "string"
                      },
                      "DisplayName": {
                        "type": "object",
                        "properties": {
                          "LocalizedLabels": {
                            "type": "array",
                            "items": {
                              "type": "object",
                              "properties": {
                                "Label": {
                                  "type": "string"
                                },
                                "LanguageCode": {
                                  "type": "integer"
                                },
                                "IsManaged": {
                                  "type": "boolean"
                                },
                                "MetadataId": {
                                  "type": "string"
                                },
                                "HasChanged": {}
                              },
                              "required": [
                                "Label",
                                "LanguageCode",
                                "IsManaged",
                                "MetadataId",
                                "HasChanged"
                              ]
                            }
                          },
                          "UserLocalizedLabel": {
                            "type": "object",
                            "properties": {
                              "Label": {
                                "type": "string"
                              },
                              "LanguageCode": {
                                "type": "integer"
                              },
                              "IsManaged": {
                                "type": "boolean"
                              },
                              "MetadataId": {
                                "type": "string"
                              },
                              "HasChanged": {}
                            }
                          }
                        }
                      }
                    },
                    "required": [
                      "IsActivity",
                      "IsCustomEntity",
                      "IsImportable",
                      "IsManaged",
                      "LogicalName",
                      "ObjectTypeCode",
                      "OwnershipType",
                      "PrimaryNameAttribute",
                      "PrimaryIdAttribute",
                      "SchemaName",
                      "LogicalCollectionName",
                      "CollectionSchemaName",
                      "EntitySetName",
                      "IsPrivate",
                      "HasNotes",
                      "HasActivities",
                      "TableType",
                      "DisplayName"
                    ]
                  }
                }
              }
            }
          },
          "runAfter": {
            "HTTP_Solicitudes": [
              "Succeeded"
            ]
          },
          "metadata": {
            "operationMetadataId": "8ed29f88-d63a-45cd-a7dc-91fb36727214"
          },
          "type": "Scope"
        },
        "JSON_Union": {
          "runAfter": {
            "SELECT_Attributes": [
              "Succeeded"
            ]
          },
          "metadata": {
            "operationMetadataId": "b0c09d8c-f2ab-4d5e-8c21-d6323e1059dc"
          },
          "type": "Compose",
          "inputs": {
            "JSON Caja-NA": "@body('Select_JSON_Caja_-_No_Actividad')",
            "JSON Caja-A": "@body('Select_JSON_Caja_-_Actividad')",
            "JSON Custom-NA": "@body('Select_JSON_Custom_-_No_Actividad')",
            "JSON Custom-A": "@body('Select_JSON_Custom-_Actividad')"
          }
        },
        "Response": {
          "runAfter": {
            "JSON_Union": [
              "Succeeded"
            ]
          },
          "metadata": {
            "operationMetadataId": "d2b84aba-0fa1-4195-a718-3b210d3de08e"
          },
          "type": "Response",
          "kind": "Http",
          "inputs": {
            "statusCode": 200,
            "body": "@outputs('JSON_Union')",
            "schema": {
              "type": "object",
              "properties": {
                "JSON Caja-NA": {
                  "type": "array",
                  "items": {
                    "type": "object",
                    "properties": {
                      "IsActivity": {
                        "type": "boolean"
                      },
                      "IsCustomEntity": {
                        "type": "boolean"
                      },
                      "IsImportable": {
                        "type": "boolean"
                      },
                      "IsManaged": {
                        "type": "boolean"
                      },
                      "LogicalName": {
                        "type": "string"
                      },
                      "PrimaryNameAttribute": {
                        "type": "string"
                      },
                      "PrimaryIdAttribute": {
                        "type": "string"
                      },
                      "SchemaName": {
                        "type": "string"
                      },
                      "EntitySetName": {
                        "type": "string"
                      },
                      "IsPrivate": {
                        "type": "boolean"
                      },
                      "HasNotes": {
                        "type": "boolean"
                      },
                      "HasActivities": {
                        "type": "boolean"
                      },
                      "TableType": {
                        "type": "string"
                      },
                      "DisplayName": {
                        "type": "string"
                      },
                      "DisplayCollectionName": {
                        "type": "string"
                      }
                    },
                    "required": [
                      "IsActivity",
                      "IsCustomEntity",
                      "IsImportable",
                      "IsManaged",
                      "LogicalName",
                      "PrimaryNameAttribute",
                      "PrimaryIdAttribute",
                      "SchemaName",
                      "EntitySetName",
                      "IsPrivate",
                      "HasNotes",
                      "HasActivities",
                      "TableType",
                      "DisplayName"
                    ]
                  }
                },
                "JSON Caja-A": {
                  "type": "array",
                  "items": {
                    "type": "object",
                    "properties": {
                      "IsActivity": {
                        "type": "boolean"
                      },
                      "IsCustomEntity": {
                        "type": "boolean"
                      },
                      "IsImportable": {
                        "type": "boolean"
                      },
                      "IsManaged": {
                        "type": "boolean"
                      },
                      "LogicalName": {
                        "type": "string"
                      },
                      "PrimaryNameAttribute": {
                        "type": "string"
                      },
                      "PrimaryIdAttribute": {
                        "type": "string"
                      },
                      "SchemaName": {
                        "type": "string"
                      },
                      "EntitySetName": {
                        "type": "string"
                      },
                      "IsPrivate": {
                        "type": "boolean"
                      },
                      "HasNotes": {
                        "type": "boolean"
                      },
                      "HasActivities": {
                        "type": "boolean"
                      },
                      "TableType": {
                        "type": "string"
                      },
                      "DisplayName": {
                        "type": "string"
                      },
                      "DisplayCollectionName": {
                        "type": "string"
                      }
                    },
                    "required": [
                      "IsActivity",
                      "IsCustomEntity",
                      "IsImportable",
                      "IsManaged",
                      "LogicalName",
                      "PrimaryNameAttribute",
                      "PrimaryIdAttribute",
                      "SchemaName",
                      "EntitySetName",
                      "IsPrivate",
                      "HasNotes",
                      "HasActivities",
                      "TableType",
                      "DisplayName"
                    ]
                  }
                },
                "JSON Custom-NA": {
                  "type": "array",
                  "items": {
                    "type": "object",
                    "properties": {
                      "IsActivity": {
                        "type": "boolean"
                      },
                      "IsCustomEntity": {
                        "type": "boolean"
                      },
                      "IsImportable": {
                        "type": "boolean"
                      },
                      "IsManaged": {
                        "type": "boolean"
                      },
                      "LogicalName": {
                        "type": "string"
                      },
                      "PrimaryNameAttribute": {
                        "type": "string"
                      },
                      "PrimaryIdAttribute": {
                        "type": "string"
                      },
                      "SchemaName": {
                        "type": "string"
                      },
                      "EntitySetName": {
                        "type": "string"
                      },
                      "IsPrivate": {
                        "type": "boolean"
                      },
                      "HasNotes": {
                        "type": "boolean"
                      },
                      "HasActivities": {
                        "type": "boolean"
                      },
                      "TableType": {
                        "type": "string"
                      },
                      "DisplayName": {
                        "type": "string"
                      },
                      "DisplayCollectionName": {
                        "type": "string"
                      }
                    },
                    "required": [
                      "IsActivity",
                      "IsCustomEntity",
                      "IsImportable",
                      "IsManaged",
                      "LogicalName",
                      "PrimaryNameAttribute",
                      "PrimaryIdAttribute",
                      "SchemaName",
                      "EntitySetName",
                      "IsPrivate",
                      "HasNotes",
                      "HasActivities",
                      "TableType",
                      "DisplayName"
                    ]
                  }
                },
                "JSON Custom-A": {
                  "type": "array",
                  "items": {
                    "type": "object",
                    "properties": {
                      "IsActivity": {
                        "type": "boolean"
                      },
                      "IsCustomEntity": {
                        "type": "boolean"
                      },
                      "IsImportable": {
                        "type": "boolean"
                      },
                      "IsManaged": {
                        "type": "boolean"
                      },
                      "LogicalName": {
                        "type": "string"
                      },
                      "PrimaryNameAttribute": {
                        "type": "string"
                      },
                      "PrimaryIdAttribute": {
                        "type": "string"
                      },
                      "SchemaName": {
                        "type": "string"
                      },
                      "EntitySetName": {
                        "type": "string"
                      },
                      "IsPrivate": {
                        "type": "boolean"
                      },
                      "HasNotes": {
                        "type": "boolean"
                      },
                      "HasActivities": {
                        "type": "boolean"
                      },
                      "TableType": {
                        "type": "string"
                      },
                      "DisplayName": {
                        "type": "string"
                      },
                      "DisplayCollectionName": {
                        "type": "string"
                      }
                    },
                    "required": [
                      "IsActivity",
                      "IsCustomEntity",
                      "IsImportable",
                      "IsManaged",
                      "LogicalName",
                      "PrimaryNameAttribute",
                      "PrimaryIdAttribute",
                      "SchemaName",
                      "EntitySetName",
                      "IsPrivate",
                      "HasNotes",
                      "HasActivities",
                      "TableType",
                      "DisplayName"
                    ]
                  }
                }
              }
            }
          }
        }
      }
    },
    "templateName": null
  },
  "schemaVersion": "1.0.0.0"
}